X,Y,month,day,FFMC,DMC,DC,ISI,temp,humidity,wind,rain,area
6.995717812111218,4.544909530917106,mar,fri,86.2,26.2,94.3,5.1,8.2,51,6.7,0.0,0.0
7.35862025666353,4.8851132555799115,oct,tue,90.6,35.4,669.1,6.7,18.0,33,0.9,0.0,0.0
5.940141237470504,3.7438833793030386,oct,sat,90.6,43.7,686.9,6.7,14.6,33,1.3,0.0,0.0
7.8195998821386095,6.029773335448779,mar,fri,91.7,33.3,77.5,9.0,8.3,97,4.0,0.2,0.0
8.774269284440239,5.636968965590741,mar,sun,89.3,51.3,102.2,9.6,11.4,99,1.8,0.0,0.0
8.177542447363189,6.071576541919695,aug,sun,92.3,85.3,488.0,14.7,22.2,29,5.4,0.0,0.0
8.407227859545802,6.394340093683445,aug,mon,92.3,88.9,495.6,8.5,24.1,27,3.1,0.0,0.0
8.601778297802976,5.679842618384306,aug,mon,91.5,145.4,608.2,10.7,8.0,86,2.2,0.0,0.0
9.098543175589498,6.008674563598882,sep,tue,91.0,129.5,692.6,7.0,13.1,63,5.4,0.0,0.0
6.881855939152004,4.9736611973306175,sep,sat,92.5,88.0,698.6,7.1,22.8,40,4.0,0.0,0.0
7.534749547874091,4.782041009214485,sep,sat,92.5,88.0,698.6,7.1,17.8,51,7.2,0.0,0.0
6.435243285203178,5.1269336051313,sep,sat,92.8,73.2,713.0,22.6,19.3,38,4.0,0.0,0.0
5.5479172224808675,4.86052314499103,aug,fri,63.5,70.8,665.3,0.8,17.0,72,6.7,0.0,0.0
5.466429572680394,4.902358559138465,sep,mon,90.9,126.5,686.5,7.0,21.3,42,2.2,0.0,0.0
6.263579740837308,5.226170832635241,sep,wed,92.9,133.3,699.6,9.2,26.4,21,4.5,0.0,0.0
5.407743576391493,4.8198740844262815,sep,fri,93.3,141.2,713.9,13.9,22.9,44,5.4,0.0,0.0
4.795328970898604,3.9377858869656595,mar,sat,91.7,35.8,80.8,7.8,15.1,27,5.4,0.0,0.0
7.333778153832016,5.638446166627803,oct,mon,84.9,32.8,664.2,3.0,16.7,47,4.9,0.0,0.0
5.198839019072137,3.4823983790938033,mar,wed,89.2,27.9,70.8,6.3,15.9,35,4.0,0.0,0.0
5.497501446783024,4.45252704228409,apr,sat,86.3,27.4,97.1,5.1,9.3,44,4.5,0.0,0.0
6.647305141801173,3.5715227023000673,sep,tue,91.0,129.5,692.6,7.0,18.3,40,2.7,0.0,0.0
5.33149442338758,3.78019439000795,sep,mon,91.8,78.5,724.3,9.2,19.1,38,2.7,0.0,0.0
6.535384880819307,3.993231118779051,jun,sun,94.3,96.3,200.0,56.1,21.0,44,4.5,0.0,0.0
7.1407793065296925,4.981427498491198,aug,sat,90.2,110.9,537.4,6.2,19.5,43,5.8,0.0,0.0
7.214111166491964,3.631098265226268,aug,sat,93.5,139.4,594.2,20.3,23.7,32,5.8,0.0,0.0
6.544986811251134,4.46031110393041,aug,sun,91.4,142.4,601.4,10.6,16.3,60,5.4,0.0,0.0
6.545517534282313,4.674925233144629,sep,fri,92.4,117.9,668.0,12.2,19.0,34,5.8,0.0,0.0
6.935152395923974,3.549049948443454,sep,mon,90.9,126.5,686.5,7.0,19.4,48,1.3,0.0,0.0
6.415282957417499,2.435755890342331,sep,sat,93.4,145.4,721.4,8.1,30.2,24,2.7,0.0,0.0
6.850313759446408,2.9545608547292206,sep,sun,93.5,149.3,728.6,8.1,22.8,39,3.6,0.0,0.0
7.014994846013458,2.937589047444428,sep,fri,94.3,85.1,692.3,15.9,25.4,24,3.6,0.0,0.0
6.412957198105055,2.4435876007361124,sep,mon,88.6,91.8,709.9,7.1,11.2,78,7.6,0.0,0.0
5.951224572939027,2.774769669441485,sep,fri,88.6,69.7,706.8,5.8,20.6,37,1.8,0.0,0.0
5.8969287497823055,3.2996182148468907,sep,sun,91.7,75.6,718.3,7.8,17.7,39,3.6,0.0,0.0
6.217073861079645,2.9967602445832933,sep,mon,91.8,78.5,724.3,9.2,21.2,32,2.7,0.0,0.0
6.740925374702483,3.230217331428813,sep,tue,90.3,80.7,730.2,6.3,18.2,62,4.5,0.0,0.0
6.027334434359024,1.7775922945269371,oct,tue,90.6,35.4,669.1,6.7,21.7,24,4.5,0.0,0.0
7.0348219643028544,3.8770842763824866,oct,fri,90.0,41.5,682.6,8.7,11.3,60,5.4,0.0,0.0
7.089814888527559,3.063223091816966,oct,sat,90.6,43.7,686.9,6.7,17.8,27,4.0,0.0,0.0
3.606978457399249,3.3712574189586304,mar,tue,88.1,25.7,67.6,3.8,14.1,43,2.7,0.0,0.0
3.4352638163760343,4.006614344205498,jul,tue,79.5,60.6,366.7,1.5,23.3,37,3.1,0.0,0.0
4.323037657629073,4.017542350410867,aug,sat,90.2,96.9,624.2,8.9,18.4,42,6.7,0.0,0.0
3.8562799708033704,4.278433059358981,aug,tue,94.8,108.3,647.1,17.0,16.6,54,5.4,0.0,0.0
4.500565138556393,3.735596342389443,sep,sat,92.5,88.0,698.6,7.1,19.6,48,2.7,0.0,0.0
3.670583295924746,3.8870106894861247,sep,wed,90.1,82.9,735.7,6.2,12.9,74,4.9,0.0,0.0
5.550262222502162,6.367644173964639,sep,wed,94.3,85.1,692.3,15.9,25.9,24,4.0,0.0,0.0
5.003065298142828,5.470814165950825,sep,mon,90.9,126.5,686.5,7.0,14.7,70,3.6,0.0,0.0
6.231024257108079,6.028860339416865,jul,mon,94.2,62.3,442.9,11.0,23.0,36,3.1,0.0,0.0
3.646438328763474,4.05545835867326,mar,mon,87.2,23.9,64.7,4.1,11.8,35,1.8,0.0,0.0
4.0691864930381945,4.1947534077285145,mar,mon,87.6,52.2,103.8,5.0,11.0,46,5.8,0.0,0.0
4.159879424261476,3.3286945817577873,sep,thu,92.9,137.0,706.4,9.2,20.8,17,1.3,0.0,0.0
3.810484915668808,2.9104163612378753,aug,sun,90.2,99.6,631.2,6.3,21.5,34,2.2,0.0,0.0
3.337480683220903,2.8256229447251915,aug,wed,92.1,111.2,654.1,9.6,20.4,42,4.9,0.0,0.0
3.719860581205637,3.1441033626982233,aug,wed,92.1,111.2,654.1,9.6,20.4,42,4.9,0.0,0.0
3.610301626568836,3.0121193109707938,aug,thu,91.7,114.3,661.3,6.3,17.6,45,3.6,0.0,0.0
3.9960202552122124,2.807409120690188,sep,thu,92.9,137.0,706.4,9.2,27.7,24,2.2,0.0,0.0
3.446608291008137,2.8128929083052956,sep,tue,90.3,80.7,730.2,6.3,17.8,63,4.9,0.0,0.0
3.601490238462767,3.7378390254184706,oct,sun,92.6,46.5,691.8,8.8,13.8,50,2.7,0.0,0.0
1.1832992751945244,2.663197279288069,feb,mon,84.0,9.3,34.0,2.1,13.9,40,5.4,0.0,0.0
2.0702747951378258,2.3474820838962063,feb,fri,86.6,13.2,43.0,5.3,12.3,51,0.9,0.0,0.0
1.1834336319197574,2.10227449697465,mar,sun,89.3,51.3,102.2,9.6,11.5,39,5.8,0.0,0.0
2.628296443236617,2.1345487795618,mar,sun,89.3,51.3,102.2,9.6,5.5,59,6.3,0.0,0.0
2.481854062535224,2.1197226712756674,aug,thu,93.0,75.3,466.6,7.7,18.8,35,4.9,0.0,0.0
2.868768366469822,1.6110329997191586,aug,sun,90.2,99.6,631.2,6.3,20.8,33,2.7,0.0,0.0
2.093303323834225,2.185860680497276,aug,mon,91.1,103.2,638.8,5.8,23.1,31,3.1,0.0,0.0
1.4851036460676266,1.9702560319584705,aug,thu,91.7,114.3,661.3,6.3,18.6,44,4.5,0.0,0.0
2.3293687408618133,1.739561774242933,sep,fri,92.4,117.9,668.0,12.2,23.0,37,4.5,0.0,0.0
2.283063540918419,2.1038214724056594,sep,fri,92.4,117.9,668.0,12.2,19.6,33,5.4,0.0,0.0
2.291398041678644,2.2007751836380396,sep,fri,92.4,117.9,668.0,12.2,19.6,33,6.3,0.0,0.0
3.522427915546435,5.41687133346297,mar,fri,91.7,33.3,77.5,9.0,17.2,26,4.5,0.0,0.0
4.513200717063533,5.513201567305834,mar,fri,91.2,48.3,97.8,12.5,15.8,27,7.6,0.0,0.0
3.312044319318517,4.297124694578808,sep,fri,94.3,85.1,692.3,15.9,17.7,37,3.6,0.0,0.0
4.860302422777764,3.545422164195817,mar,fri,91.7,33.3,77.5,9.0,15.6,25,6.3,0.0,0.0
4.305885312282024,3.935735388545524,aug,tue,88.8,147.3,614.5,9.0,17.3,43,4.5,0.0,0.0
5.11644493197463,2.9965910030118073,sep,fri,93.3,141.2,713.9,13.9,27.6,30,1.3,0.0,0.0
8.351666185785088,9.343254705348718,feb,thu,84.2,6.8,26.6,7.7,6.7,79,3.1,0.0,0.0
8.959900713777396,9.159513269080744,feb,fri,86.6,13.2,43.0,5.3,15.7,43,3.1,0.0,0.0
1.4252944828932623,3.025374474812264,mar,mon,87.6,52.2,103.8,5.0,8.3,72,3.1,0.0,0.0
0.6568107957299392,2.722870735625691,aug,fri,90.1,108.0,529.8,12.5,14.7,66,2.7,0.0,0.0
1.6892876368371494,2.7864578829537034,aug,tue,91.0,121.2,561.6,7.0,21.6,19,6.7,0.0,0.0
1.4071245242875594,1.871086917697765,aug,sun,91.4,142.4,601.4,10.6,19.5,39,6.3,0.0,0.0
1.1442831612211264,2.501441074983803,aug,sun,90.2,99.6,631.2,6.3,17.9,44,2.2,0.0,0.0
1.411674129311712,2.1080320003620363,aug,tue,94.8,108.3,647.1,17.0,18.6,51,4.5,0.0,0.0
0.3530255408466748,1.911107487239208,aug,wed,92.1,111.2,654.1,9.6,16.6,47,0.9,0.0,0.0
0.39186820255088983,2.596825851794259,aug,thu,91.7,114.3,661.3,6.3,20.2,45,3.6,0.0,0.0
0.9922582151895355,2.599854753380111,sep,thu,92.9,137.0,706.4,9.2,21.5,15,0.9,0.0,0.0
0.7761927208501548,2.1757214335404784,sep,thu,92.9,137.0,706.4,9.2,25.4,27,2.2,0.0,0.0
0.3864497307859427,2.502222481259641,sep,thu,92.9,137.0,706.4,9.2,22.4,34,2.2,0.0,0.0
0.6393872426566498,2.0613676893023647,sep,sun,93.5,149.3,728.6,8.1,25.3,36,3.6,0.0,0.0
5.93564937906848,4.500163436702931,mar,sat,91.7,35.8,80.8,7.8,17.4,25,4.9,0.0,0.0
5.904626217370533,4.045553610780669,aug,sat,90.2,96.9,624.2,8.9,14.7,59,5.8,0.0,0.0
7.402165399593812,5.917227748198548,mar,fri,91.7,35.8,80.8,7.8,17.4,24,5.4,0.0,0.0
8.450072752588243,6.092968375852531,aug,sun,92.3,85.3,488.0,14.7,20.8,32,6.3,0.0,0.0
7.821377911753824,6.120227361289445,aug,sun,91.4,142.4,601.4,10.6,18.2,43,4.9,0.0,0.0
7.899191959475016,6.595662808607361,aug,mon,91.1,103.2,638.8,5.8,23.4,22,2.7,0.0,0.0
3.1853041332741596,3.101155396218084,sep,sun,89.7,90.0,704.4,4.8,17.8,64,1.3,0.0,0.0
3.0228972846916355,4.622154947507059,feb,sat,83.9,8.0,30.2,2.6,12.7,48,1.8,0.0,0.0
3.531897332554544,3.8387718914249604,mar,sat,69.0,2.4,15.5,0.7,17.4,24,5.4,0.0,0.0
3.429602709435736,3.4904289471634073,aug,sun,91.4,142.4,601.4,10.6,11.6,87,4.5,0.0,0.0
3.6029513480519064,4.486852062155842,aug,sun,91.4,142.4,601.4,10.6,19.8,39,5.4,0.0,0.0
2.2967406388057454,4.144688830942368,aug,sun,91.4,142.4,601.4,10.6,19.8,39,5.4,0.0,0.0
3.6730214097654206,3.8908370785755695,aug,tue,88.8,147.3,614.5,9.0,14.4,66,5.4,0.0,0.0
2.4192901505630946,3.4939076515050385,aug,tue,94.8,108.3,647.1,17.0,20.1,40,4.0,0.0,0.0
1.4550200949232983,4.138070864562895,sep,sat,92.5,121.1,674.4,8.6,24.1,29,4.5,0.0,0.0
1.9416274076883773,4.044386747371125,jan,sat,82.1,3.7,9.3,2.9,5.3,78,3.1,0.0,0.0
4.027999563304185,5.822523201288975,mar,fri,85.9,19.5,57.3,2.8,12.7,52,6.3,0.0,0.0
4.642742406488768,4.504934967367797,mar,thu,91.4,30.7,74.3,7.5,18.2,29,3.1,0.0,0.0
4.723347852091436,5.500886770376045,aug,sun,90.2,99.6,631.2,6.3,21.4,33,3.1,0.0,0.0
3.679580589953981,5.413139156961024,sep,sat,92.5,88.0,698.6,7.1,20.3,45,3.1,0.0,0.0
4.051077116359029,4.7507210896782635,sep,mon,88.6,91.8,709.9,7.1,17.4,56,5.4,0.0,0.0
4.487574198897793,4.221977069835132,mar,fri,85.9,19.5,57.3,2.8,13.7,43,5.8,0.0,0.0
3.1232313989506544,4.004560923654042,mar,fri,91.7,33.3,77.5,9.0,18.8,18,4.5,0.0,0.0
2.3571601635343926,3.406259269727384,sep,sun,89.7,90.0,704.4,4.8,22.8,39,3.6,0.0,0.0
3.0791723331167695,4.633430321900788,sep,mon,91.8,78.5,724.3,9.2,18.9,35,2.7,0.0,0.0
3.506960795528684,4.146700698975404,mar,tue,88.1,25.7,67.6,3.8,15.8,27,7.6,0.0,0.0
2.5297688842254202,4.773545738126792,mar,tue,88.1,25.7,67.6,3.8,15.5,27,6.3,0.0,0.0
2.6955833903571023,3.3153736286771185,mar,sat,91.7,35.8,80.8,7.8,11.6,30,6.3,0.0,0.0
2.692242554412286,4.027175143447465,mar,sat,91.7,35.8,80.8,7.8,15.2,27,4.9,0.0,0.0
3.4446811870394445,3.791434833346006,mar,mon,90.1,39.7,86.6,6.2,10.6,30,4.0,0.0,0.0
3.720815773870832,3.4439490456673836,aug,thu,93.0,75.3,466.6,7.7,19.6,36,3.1,0.0,0.0
3.5153683359856895,4.7496975669764625,aug,mon,91.5,145.4,608.2,10.7,10.3,74,2.2,0.0,0.0
2.6074646970362285,3.5388676862082225,aug,mon,91.5,145.4,608.2,10.7,17.1,43,5.4,0.0,0.0
2.47532209410733,4.108160438020232,sep,sun,92.4,124.1,680.7,8.5,22.5,42,5.4,0.0,0.0
2.2204033461144905,4.712503611896826,sep,tue,84.4,73.4,671.9,3.2,17.9,45,3.1,0.0,0.0
2.6107732032428683,3.7142229772950293,sep,fri,94.3,85.1,692.3,15.9,19.8,50,5.4,0.0,0.0
2.606454126314598,4.067666509832085,oct,sun,92.6,46.5,691.8,8.8,20.6,24,5.4,0.0,0.0
2.581526800681518,5.2345326041851985,mar,mon,87.6,52.2,103.8,5.0,9.0,49,2.2,0.0,0.0
3.1418301541406106,5.705979091769853,sep,fri,93.5,149.3,728.6,8.1,17.2,43,3.1,0.0,0.0
4.124388266544471,5.63950330326327,oct,wed,91.4,37.9,673.8,5.2,15.9,46,3.6,0.0,0.0
1.2126948627117602,5.743555208112125,oct,sun,92.6,46.5,691.8,8.8,15.4,35,0.9,0.0,0.0
3.732493309074503,6.7511607564477245,feb,sat,68.2,21.5,87.2,0.8,15.4,40,2.7,0.0,0.0
3.8735544332303866,6.689082008223843,mar,mon,87.2,23.9,64.7,4.1,14.0,39,3.1,0.0,0.0
3.4434365172382395,7.036585080531871,mar,sun,89.3,51.3,102.2,9.6,10.6,46,4.9,0.0,0.0
3.576907850820372,6.062402447644249,sep,thu,93.7,80.9,685.2,17.9,17.6,42,3.1,0.0,0.0
2.0861487586393372,4.860015006026453,mar,tue,88.1,25.7,67.6,3.8,14.9,38,2.7,0.0,0.0
3.262826102156326,5.084689296384643,aug,sat,93.5,139.4,594.2,20.3,17.6,52,5.8,0.0,0.0
3.0468355469906605,5.8907586223133155,sep,sun,92.4,124.1,680.7,8.5,17.2,58,1.3,0.0,0.0
3.5621373629981017,5.516211746685918,sep,mon,90.9,126.5,686.5,7.0,15.6,66,3.1,0.0,0.0
8.703993544377697,8.466554771592381,jul,tue,85.8,48.3,313.4,3.9,18.0,42,2.7,0.0,0.36
1.2030504912358575,4.595536371361591,sep,tue,91.0,129.5,692.6,7.0,21.7,38,2.2,0.0,0.43
2.2611432279497405,5.347859905087113,sep,mon,90.9,126.5,686.5,7.0,21.9,39,1.8,0.0,0.47
1.4891768899975062,1.9268777600982627,aug,wed,95.5,99.9,513.3,13.2,23.3,31,4.5,0.0,0.55
7.887178162518211,5.528166788771132,aug,fri,90.1,108.0,529.8,12.5,21.2,51,8.9,0.0,0.61
0.9203996029048307,2.558242882891081,jul,sat,90.0,51.3,296.3,8.7,16.6,53,5.4,0.0,0.71
2.1411180905445475,5.723457564375854,aug,wed,95.5,99.9,513.3,13.2,23.8,32,5.4,0.0,0.77
5.7848186161916315,4.98690633680983,aug,thu,95.2,131.7,578.8,10.4,27.4,22,4.0,0.0,0.9
4.874379313739401,4.583286802915603,mar,mon,90.1,39.7,86.6,6.2,13.2,40,5.4,0.0,0.95
8.663905914047165,3.0387025113445807,sep,tue,84.4,73.4,671.9,3.2,24.2,28,3.6,0.0,0.96
2.3881265638662605,1.912347271077963,aug,tue,94.8,108.3,647.1,17.0,17.4,43,6.7,0.0,1.07
8.750071308703602,5.247460336576176,sep,thu,93.7,80.9,685.2,17.9,23.7,25,4.5,0.0,1.12
5.62315320221252,5.008664247759261,jun,fri,92.5,56.4,433.3,7.1,23.2,39,5.4,0.0,1.19
8.069550427807608,9.21114934748358,jul,sun,90.1,68.6,355.2,7.2,24.8,29,2.2,0.0,1.36
2.5578730304226123,3.746591636232342,jul,sat,90.1,51.2,424.1,6.2,24.6,43,1.8,0.0,1.43
4.631459188443965,4.827632464237945,sep,fri,94.3,85.1,692.3,15.9,20.1,47,4.9,0.0,1.46
1.829313059529114,4.785738715009519,sep,sat,93.4,145.4,721.4,8.1,29.6,27,2.7,0.0,1.46
5.921545907596116,4.706456169644954,aug,sun,94.8,108.3,647.1,17.0,16.4,47,1.3,0.0,1.56
2.307488181404082,3.9751447984029475,sep,sat,93.4,145.4,721.4,8.1,28.6,27,2.2,0.0,1.61
1.2373622573736025,1.8217023638561605,aug,wed,92.1,111.2,654.1,9.6,18.4,45,3.6,0.0,1.63
2.1351941151331175,3.667565103537505,aug,wed,92.1,111.2,654.1,9.6,20.5,35,4.0,0.0,1.64
7.212238807831766,3.3936267542697776,sep,fri,92.4,117.9,668.0,12.2,19.0,34,5.8,0.0,1.69
7.533297163666162,4.685453857698999,mar,mon,90.1,39.7,86.6,6.2,16.1,29,3.1,0.0,1.75
5.652187598424723,4.162135741829991,aug,thu,95.2,131.7,578.8,10.4,20.3,41,4.0,0.0,1.9
6.156388292224845,3.7981804255022555,mar,sat,90.6,50.1,100.4,7.8,15.2,31,8.5,0.0,1.94
8.359746099875629,5.934363661343369,sep,sat,92.5,121.1,674.4,8.6,17.8,56,1.8,0.0,1.95
7.582889032922199,3.3858494248894186,sep,sun,89.7,90.0,704.4,4.8,17.8,67,2.2,0.0,2.01
6.330599694041415,5.291622000657847,mar,thu,84.9,18.2,55.0,3.0,5.3,70,4.5,0.0,2.14
6.042264976831815,4.689146420658816,aug,wed,92.1,111.2,654.1,9.6,16.6,47,0.9,0.0,2.29
5.843460379098674,5.309966058345857,aug,wed,96.0,127.1,570.5,16.5,23.4,33,4.5,0.0,2.51
6.166375473035551,4.909536013444985,mar,fri,91.2,48.3,97.8,12.5,14.6,26,9.4,0.0,2.53
7.6289737560400805,5.674798244733118,aug,thu,95.2,131.7,578.8,10.4,20.7,45,2.2,0.0,2.55
4.7660874154625095,4.21331820033098,sep,wed,92.9,133.3,699.6,9.2,21.9,35,1.8,0.0,2.57
8.207340051427616,6.720840307689775,aug,wed,85.6,90.4,609.6,6.6,17.4,50,4.0,0.0,2.69
6.670664459269052,3.645657557724311,aug,sun,91.4,142.4,601.4,10.6,20.1,39,5.4,0.0,2.74
3.500080228996142,4.904762131864006,sep,mon,90.9,126.5,686.5,7.0,17.7,39,2.2,0.0,3.07
0.864562095340744,4.299105661326316,aug,sat,90.2,96.9,624.2,8.9,14.2,53,1.8,0.0,3.5
0.47212620549394824,4.28047704382131,aug,sat,90.2,96.9,624.2,8.9,20.3,39,4.9,0.0,4.53
5.6708787871512705,4.748440075069722,apr,thu,81.5,9.1,55.2,2.7,5.8,54,5.8,0.0,4.61
1.1971149472188096,5.080005509755611,aug,sun,90.2,99.6,631.2,6.3,19.2,44,2.7,0.0,4.69
1.4801925204939446,5.477051399297058,sep,wed,90.1,82.9,735.7,6.2,18.3,45,2.2,0.0,4.88
8.325919806129782,5.247288926551072,aug,tue,88.8,147.3,614.5,9.0,14.4,66,5.4,0.0,5.23
1.255282799863806,3.5313420865160743,sep,sun,92.4,124.1,680.7,8.5,23.9,32,6.7,0.0,5.33
7.996877717110179,6.251819483288234,oct,mon,84.9,32.8,664.2,3.0,19.1,32,4.0,0.0,5.44
5.448900784822894,3.0788009503027145,feb,sun,86.8,15.6,48.3,3.9,12.4,53,2.2,0.0,6.38
7.713864522930395,3.6947825204387,oct,mon,91.7,48.5,696.1,11.1,16.8,45,4.5,0.0,6.83
9.092841029110092,5.959216731147658,aug,fri,93.9,135.7,586.7,15.1,20.8,34,4.9,0.0,6.96
2.3750521192043537,5.319613581896703,sep,tue,91.0,129.5,692.6,7.0,17.6,46,3.1,0.0,7.04
8.239752432623424,4.937172413340975,mar,sun,89.3,51.3,102.2,9.6,11.5,39,5.8,0.0,7.19
-0.24049736375103858,5.0890527172142495,sep,mon,90.9,126.5,686.5,7.0,21.0,42,2.2,0.0,7.3
6.454115709339744,3.683764787754109,mar,sat,90.8,41.9,89.4,7.9,13.3,42,0.9,0.0,7.4
6.285301967883027,3.5908535580074035,mar,sun,90.7,44.0,92.4,5.5,11.5,60,4.0,0.0,8.24
6.222206010371996,4.897479805297933,mar,fri,91.2,48.3,97.8,12.5,11.7,33,4.0,0.0,8.31
2.174063011468627,4.204034803326044,aug,thu,95.2,131.7,578.8,10.4,24.2,28,2.7,0.0,8.68
2.7037751605959595,2.2670524231694933,aug,tue,94.8,108.3,647.1,17.0,24.6,22,4.5,0.0,8.71
3.8482445573781496,4.916758444616547,sep,wed,92.9,133.3,699.6,9.2,24.3,25,4.0,0.0,9.41
2.7080443919526385,2.8849070902640985,aug,tue,94.8,108.3,647.1,17.0,24.6,22,4.5,0.0,10.01
2.608722919457276,5.271174118897891,aug,fri,93.9,135.7,586.7,15.1,23.5,36,5.4,0.0,10.02
5.3487483272787,4.806502067017491,apr,thu,81.5,9.1,55.2,2.7,5.8,54,5.8,0.0,10.93
4.117123817146641,4.946696787632118,sep,thu,92.9,137.0,706.4,9.2,21.5,15,0.9,0.0,11.06
3.584560961495423,3.987666381385769,sep,tue,91.0,129.5,692.6,7.0,13.9,59,6.3,0.0,11.24
2.040350252893892,4.517825180346762,sep,mon,63.5,70.8,665.3,0.8,22.6,38,3.6,0.0,11.32
0.07044340715174535,5.570561541703341,sep,tue,91.0,129.5,692.6,7.0,21.6,33,2.2,0.0,11.53
6.0583352669271635,5.514930294943277,mar,sun,90.1,37.6,83.7,7.2,12.4,54,3.6,0.0,12.1
7.0155466318092055,4.635403730654839,feb,sun,83.9,8.7,32.1,2.1,8.8,68,2.2,0.0,13.05
8.452897054628972,6.318968418930841,oct,wed,91.4,37.9,673.8,5.2,20.2,37,2.7,0.0,13.7
4.767907358097589,6.504345679413216,mar,sat,90.6,50.1,100.4,7.8,15.1,64,4.0,0.0,13.99
4.080507487605517,4.181908569010526,sep,thu,92.9,137.0,706.4,9.2,22.1,34,1.8,0.0,14.57
1.6029783509683386,1.8342573544776648,aug,sat,93.5,139.4,594.2,20.3,22.9,31,7.2,0.0,15.45
7.006532438226556,4.546373833359193,sep,tue,91.0,129.5,692.6,7.0,20.7,37,2.2,0.0,17.2
6.322575177354388,5.103147022665923,sep,fri,92.4,117.9,668.0,12.2,19.6,33,6.3,0.0,19.23
7.6895861165412125,2.8873271300898447,sep,thu,93.7,80.9,685.2,17.9,23.2,26,4.9,0.0,23.41
4.508371909957919,4.500300459815254,oct,sat,90.6,43.7,686.9,6.7,18.4,25,3.1,0.0,24.23
6.756461014899273,4.259196375706905,aug,sat,93.5,139.4,594.2,20.3,5.1,96,5.8,0.0,26.0
6.88894456328205,4.365445730318896,sep,fri,94.3,85.1,692.3,15.9,20.1,47,4.9,0.0,26.13
7.853389387427549,3.122590863452711,mar,mon,87.6,52.2,103.8,5.0,11.0,46,5.8,0.0,27.35
3.247782941500073,3.829207435750722,mar,sat,91.7,35.8,80.8,7.8,17.0,27,4.9,0.0,28.66
3.8377162489667844,4.070300339214395,mar,sat,91.7,35.8,80.8,7.8,17.0,27,4.9,0.0,28.66
3.6133416777129823,3.4280658258056818,sep,sun,92.4,124.1,680.7,8.5,16.9,60,1.3,0.0,29.48
0.7357563672992306,2.842886047244804,sep,mon,88.6,91.8,709.9,7.1,12.4,73,6.3,0.0,30.32
3.479867145725052,5.6362162211305025,sep,wed,92.9,133.3,699.6,9.2,19.4,19,1.3,0.0,31.72
6.309395511361775,5.204380899016016,mar,mon,90.1,39.7,86.6,6.2,15.2,27,3.1,0.0,31.86
8.020882348056935,5.182623335673988,aug,sun,90.2,99.6,631.2,6.3,16.2,59,3.1,0.0,32.07
3.543067801154389,4.607722395232924,sep,fri,93.3,141.2,713.9,13.9,18.6,49,3.6,0.0,35.88
4.554574772376792,3.2866233204291495,mar,mon,87.6,52.2,103.8,5.0,11.0,46,5.8,0.0,36.85
2.508406774813782,1.6359849249945224,jul,fri,88.3,150.3,309.9,6.8,13.4,79,3.6,0.0,37.02
7.536030648026751,3.9506271416038277,sep,wed,90.1,82.9,735.7,6.2,15.4,57,4.5,0.0,37.71
4.419412684700099,4.0190394034097805,sep,sun,93.5,149.3,728.6,8.1,22.9,39,4.9,0.0,48.55
7.436317268181279,5.033775216775719,oct,mon,91.7,48.5,696.1,11.1,16.1,44,4.0,0.0,49.37
8.56678532317848,5.62987589604421,aug,sat,92.2,81.8,480.8,11.9,20.1,34,4.5,0.0,58.3
4.21659420493025,6.389636421196046,sep,sun,93.5,149.3,728.6,8.1,28.3,26,3.1,0.0,64.1
7.853864388113522,6.125146504058218,aug,sat,92.2,81.8,480.8,11.9,16.4,43,4.0,0.0,71.3
4.480765237735119,4.377630114383374,sep,wed,92.9,133.3,699.6,9.2,26.4,21,4.5,0.0,88.49
0.38871160232099133,5.221566945504172,sep,sun,93.5,149.3,728.6,8.1,27.8,27,3.1,0.0,95.18
6.5556366624682525,4.044008971865372,sep,tue,91.0,129.5,692.6,7.0,18.7,43,2.7,0.0,103.39
8.457160758580597,4.815581869599264,sep,tue,84.4,73.4,671.9,3.2,24.3,36,3.1,0.0,105.66
4.865286146598666,4.841101182747303,sep,sat,92.5,121.1,674.4,8.6,17.7,25,3.1,0.0,154.88
8.680886197077964,5.818207892257188,aug,sun,91.4,142.4,601.4,10.6,19.6,41,5.8,0.0,196.48
2.5495324641714006,1.6168063981527663,sep,sat,92.5,121.1,674.4,8.6,18.2,46,1.8,0.0,200.94
1.9446420561413722,1.5475331292121786,sep,tue,91.0,129.5,692.6,7.0,18.8,40,2.2,0.0,212.88
5.664917373029648,4.6549218138897,sep,sat,92.5,121.1,674.4,8.6,25.1,27,4.0,0.0,1090.84
5.647242899715884,4.945340577521594,apr,sun,81.9,3.0,7.9,3.5,13.4,75,1.8,0.0,0.0
5.451716787656917,2.4258711715236925,apr,wed,88.0,17.2,43.5,3.8,15.2,51,2.7,0.0,0.0
3.712153663122417,4.739131334148285,apr,fri,83.0,23.3,85.3,2.3,16.7,20,3.1,0.0,0.0
2.581640914360699,4.267486479201908,aug,sun,94.2,122.3,589.9,12.9,15.4,66,4.0,0.0,10.13
7.211333231674925,3.7440544660905184,aug,sun,91.8,175.1,700.7,13.8,21.9,73,7.6,1.0,0.0
1.0048452383467164,4.299565070900975,aug,sun,91.8,175.1,700.7,13.8,22.4,54,7.6,0.0,2.87
2.946645636081944,3.635250154699826,aug,sun,91.8,175.1,700.7,13.8,26.8,38,6.3,0.0,0.76
4.981273796443326,4.7634932316330705,aug,sun,91.8,175.1,700.7,13.8,25.7,39,5.4,0.0,0.09
2.0348200396198903,4.594116924848811,aug,wed,92.2,91.6,503.6,9.6,20.7,70,2.2,0.0,0.75
8.328297046180149,6.171480526751814,aug,wed,93.1,157.3,666.7,13.5,28.7,28,2.7,0.0,0.0
3.374277045686125,4.488930761880283,aug,wed,93.1,157.3,666.7,13.5,21.7,40,0.4,0.0,2.47
8.970671273895295,4.745665499979442,aug,wed,93.1,157.3,666.7,13.5,26.8,25,3.1,0.0,0.68
7.445750585079033,4.743675763314735,aug,wed,93.1,157.3,666.7,13.5,24.0,36,3.1,0.0,0.24
4.640060267027272,5.1301757025337915,aug,wed,93.1,157.3,666.7,13.5,22.1,37,3.6,0.0,0.21
7.514435097528972,4.100289898233916,aug,thu,91.9,109.2,565.5,8.0,21.4,38,2.7,0.0,1.52
5.7166848076776615,2.739565880484522,aug,thu,91.6,138.1,621.7,6.3,18.9,41,3.1,0.0,10.34
2.4277067961968717,5.0473829545160696,aug,thu,87.5,77.0,694.8,5.0,22.3,46,4.0,0.0,0.0
8.52323798419755,6.506815086525793,aug,sat,94.2,117.2,581.1,11.0,23.9,41,2.2,0.0,8.02
3.309217683724404,3.405458374172163,aug,sat,94.2,117.2,581.1,11.0,21.4,44,2.7,0.0,0.68
2.8876474928497684,4.011250594410728,aug,sat,91.8,170.9,692.3,13.7,20.6,59,0.9,0.0,0.0
6.203389165764437,3.808450392877251,aug,sat,91.8,170.9,692.3,13.7,23.7,40,1.8,0.0,1.38
1.3895977520443659,4.162471017907306,aug,mon,93.6,97.9,542.0,14.4,28.3,32,4.0,0.0,8.85
2.809321231263289,3.8448367532143526,aug,fri,91.6,112.4,573.0,8.9,11.2,84,7.6,0.0,3.3
2.7822223303964555,3.0250990460231515,aug,fri,91.6,112.4,573.0,8.9,21.4,42,3.1,0.0,4.25
6.335177055369666,3.0491555610896413,aug,fri,91.1,141.1,629.1,7.1,19.3,39,3.6,0.0,1.56
3.942871632159341,5.199844160331931,aug,fri,94.3,167.6,684.4,13.0,21.8,53,3.1,0.0,6.54
3.1299537296794298,4.140422602098479,aug,tue,93.7,102.2,550.3,14.6,22.1,54,7.6,0.0,0.79
5.868064548854156,4.724844515017276,aug,tue,94.3,131.7,607.1,22.7,19.4,55,4.0,0.0,0.17
2.3597213201177896,2.635223216380103,aug,tue,92.1,152.6,658.2,14.3,23.7,24,3.1,0.0,0.0
3.2661655066192754,3.871116142738769,aug,tue,92.1,152.6,658.2,14.3,21.0,32,3.1,0.0,0.0
3.730983151144533,4.226356455563583,aug,tue,92.1,152.6,658.2,14.3,19.1,53,2.7,0.0,4.4
1.7752296124265246,1.251886723799343,aug,tue,92.1,152.6,658.2,14.3,21.8,56,3.1,0.0,0.52
7.994894699113012,5.8743854686467145,aug,tue,92.1,152.6,658.2,14.3,20.1,58,4.5,0.0,9.27
1.9592421666557536,5.6614694295032475,aug,tue,92.1,152.6,658.2,14.3,20.2,47,4.0,0.0,3.09
4.108729132839432,5.705777643214774,dec,sun,84.4,27.2,353.5,6.8,4.8,57,8.5,0.0,8.98
7.980668608236614,5.7787190745415495,dec,wed,84.0,27.8,354.6,5.3,5.1,61,8.0,0.0,11.19
3.9501734934808317,5.978265028797878,dec,thu,84.6,26.4,352.0,2.0,5.1,61,4.9,0.0,5.38
3.9132440399819726,4.135865825389443,dec,mon,85.4,25.4,349.7,2.6,4.6,21,8.5,0.0,17.85
3.085994131729181,3.5749465865705643,dec,mon,85.4,25.4,349.7,2.6,4.6,21,8.5,0.0,10.73
5.254712251992611,4.260085535362688,dec,mon,85.4,25.4,349.7,2.6,4.6,21,8.5,0.0,22.03
4.377120762427941,4.062904299209442,dec,mon,85.4,25.4,349.7,2.6,4.6,21,8.5,0.0,9.77
4.086024671362962,6.702377541208673,dec,fri,84.7,26.7,352.6,4.1,2.2,59,4.9,0.0,9.27
5.9465610315891055,5.117628604500886,dec,tue,85.4,25.4,349.7,2.6,5.1,24,8.5,0.0,24.77
4.912978614890212,3.787176863731296,feb,sun,84.9,27.5,353.5,3.4,4.2,51,4.0,0.0,0.0
2.761775978559643,4.723719005293769,feb,wed,86.9,6.6,18.7,3.2,8.8,35,3.1,0.0,1.1
4.763446115102165,3.698268437526492,feb,fri,85.2,4.9,15.8,6.3,7.5,46,8.0,0.0,24.24
1.9187857044570074,4.983631745602592,jul,sun,93.9,169.7,411.8,12.3,23.4,40,6.3,0.0,0.0
7.096298161480574,6.223708738301032,jul,wed,91.2,183.1,437.7,12.5,12.6,90,7.6,0.2,0.0
6.730077300486327,4.087292439748003,jul,sat,91.6,104.2,474.9,9.0,22.1,49,2.7,0.0,0.0
7.669177279150756,4.320046393001864,jul,sat,91.6,104.2,474.9,9.0,24.2,32,1.8,0.0,0.0
6.51942795639612,3.8894189709170424,jul,sat,91.6,104.2,474.9,9.0,24.3,30,1.8,0.0,0.0
1.9573730953607795,4.970638632138667,jul,sat,91.6,104.2,474.9,9.0,18.7,53,1.8,0.0,0.0
9.908111137731558,4.73246968356665,jul,sat,91.6,104.2,474.9,9.0,25.3,39,0.9,0.0,8.0
4.362008116744787,4.796215887446028,jul,fri,91.6,100.2,466.3,6.3,22.9,40,1.3,0.0,2.64
7.101310657020226,6.222087559852789,jul,tue,93.1,180.4,430.8,11.0,26.9,28,5.4,0.0,86.45
8.043455357233672,5.8961868354311955,jul,tue,92.3,88.8,440.9,8.5,17.1,67,3.6,0.0,6.57
6.276248517290618,5.210984567474894,jun,sun,93.1,180.4,430.8,11.0,22.2,48,1.3,0.0,0.0
6.047229809957665,4.826205250780539,jun,sun,90.4,89.5,290.8,6.4,14.3,46,1.8,0.0,0.9
8.08532924740323,4.7634739216475435,jun,sun,90.4,89.5,290.8,6.4,15.4,45,2.2,0.0,0.0
8.759909701070054,5.653597019139586,jun,wed,91.2,147.8,377.2,12.7,19.6,43,4.9,0.0,0.0
6.572577060974057,4.310208765549287,jun,sat,53.4,71.0,233.8,0.4,10.6,90,2.7,0.0,0.0
5.35053656377938,4.550654125615849,jun,mon,90.4,93.3,298.1,7.5,20.7,25,4.9,0.0,0.0
5.964188544670238,5.202923376099571,jun,mon,90.4,93.3,298.1,7.5,19.1,39,5.4,0.0,3.52
3.3820626814414116,5.517857580089247,jun,fri,91.1,94.1,232.1,7.1,19.2,38,4.5,0.0,0.0
2.9164357221352692,6.196012295818587,jun,fri,91.1,94.1,232.1,7.1,19.2,38,4.5,0.0,0.0
5.137350879273519,4.607898393153811,may,sat,85.1,28.0,113.8,3.5,11.3,94,4.9,0.0,0.0
-0.3413676243182264,3.8596438052472504,sep,sun,89.6,84.1,714.3,5.7,19.0,52,2.2,0.0,0.0
6.892924032190168,4.375261653796612,sep,sun,89.6,84.1,714.3,5.7,17.1,53,5.4,0.0,0.41
2.9778262652990852,4.0489973770478,sep,sun,89.6,84.1,714.3,5.7,23.8,35,3.6,0.0,5.18
1.4081263028201292,3.9059885580785374,sep,sun,92.4,105.8,758.1,9.9,16.0,45,1.8,0.0,0.0
3.163033875786284,3.8618366874139634,sep,sun,92.4,105.8,758.1,9.9,24.9,27,2.2,0.0,0.0
6.580855703772433,3.6786481752743283,sep,sun,92.4,105.8,758.1,9.9,25.3,27,2.7,0.0,0.0
5.804665386029861,2.2350780243706296,sep,sun,92.4,105.8,758.1,9.9,24.8,28,1.8,0.0,14.29
1.6685457326900297,3.9095086866707374,sep,sun,50.4,46.2,706.6,0.4,12.2,78,6.3,0.0,0.0
5.2332047138113555,4.939465735559699,sep,wed,92.6,115.4,777.1,8.8,24.3,27,4.9,0.0,0.0
3.8573989039980643,3.485208180285342,sep,wed,92.6,115.4,777.1,8.8,19.7,41,1.8,0.0,1.58
3.0657496831346167,3.804645454807356,sep,wed,91.2,134.7,817.5,7.2,18.5,30,2.7,0.0,0.0
3.306025070783123,5.626904353396288,sep,thu,92.4,96.2,739.4,8.6,18.6,24,5.8,0.0,0.0
4.543533692561902,3.483693236418671,sep,thu,92.4,96.2,739.4,8.6,19.2,24,4.9,0.0,3.78
5.753932660759118,5.003863182078553,sep,thu,92.8,119.0,783.5,7.5,21.6,27,2.2,0.0,0.0
4.774912761551344,3.1968403245073613,sep,thu,92.8,119.0,783.5,7.5,21.6,28,6.3,0.0,4.41
5.974249589643164,3.118457618001081,sep,thu,92.8,119.0,783.5,7.5,18.9,34,7.2,0.0,34.36
1.3417183835913966,4.445101067350043,sep,thu,92.8,119.0,783.5,7.5,16.8,28,4.0,0.0,7.21
6.31603309126023,4.663371937687104,sep,thu,92.8,119.0,783.5,7.5,16.8,28,4.0,0.0,1.01
2.9846167168082114,4.503036870739758,sep,thu,90.7,136.9,822.8,6.8,12.9,39,2.7,0.0,2.18
5.805074385501146,4.647304495357687,sep,thu,88.1,53.3,726.9,5.4,13.7,56,1.8,0.0,4.42
1.1617385765007162,3.6046964520003826,sep,sat,92.2,102.3,751.5,8.4,24.2,27,3.1,0.0,0.0
4.895517353962452,4.741211442916375,sep,sat,92.2,102.3,751.5,8.4,24.1,27,3.1,0.0,0.0
5.908682046943764,4.416556746796953,sep,sat,92.2,102.3,751.5,8.4,21.2,32,2.2,0.0,0.0
6.1875165438476785,4.985090106654514,sep,sat,92.2,102.3,751.5,8.4,19.7,35,1.8,0.0,0.0
4.202409981229257,2.6081109925238293,sep,sat,92.2,102.3,751.5,8.4,23.5,27,4.0,0.0,3.33
3.4072580208114625,3.093281988831912,sep,sat,92.2,102.3,751.5,8.4,24.2,27,3.1,0.0,6.58
7.0279202973613835,3.342309573213061,sep,sat,91.2,124.4,795.3,8.5,21.5,28,4.5,0.0,15.64
3.9236434270883986,3.6022112829584305,sep,sat,91.2,124.4,795.3,8.5,17.1,41,2.2,0.0,11.22
1.413810984970566,2.982807514378763,sep,mon,92.1,87.7,721.1,9.5,18.1,54,3.1,0.0,2.13
2.4549563545283366,3.579999203560142,sep,mon,91.6,108.4,764.0,6.2,18.0,51,5.4,0.0,0.0
4.2745221576753,3.688067091374694,sep,mon,91.6,108.4,764.0,6.2,9.8,86,1.8,0.0,0.0
7.005417197791392,4.208017944561348,sep,mon,91.6,108.4,764.0,6.2,19.3,44,2.2,0.0,0.0
6.539167794874591,3.8625784775821455,sep,mon,91.6,108.4,764.0,6.2,23.0,34,2.2,0.0,56.04
8.03300281787664,6.986271919154644,sep,mon,91.6,108.4,764.0,6.2,22.7,35,2.2,0.0,7.48
0.9602396643824853,3.6434220475286514,sep,mon,91.6,108.4,764.0,6.2,20.4,41,1.8,0.0,1.47
2.1178729542294246,5.45198810967784,sep,mon,91.6,108.4,764.0,6.2,19.3,44,2.2,0.0,3.93
8.763469589988334,6.538753876197015,sep,mon,91.9,111.7,770.3,6.5,15.7,51,2.2,0.0,0.0
6.4990675409570215,2.6860921209477993,sep,mon,91.5,130.1,807.1,7.5,20.6,37,1.8,0.0,0.0
8.029204808182886,6.672470167766017,sep,mon,91.5,130.1,807.1,7.5,15.9,51,4.5,0.0,2.18
5.595495274883982,2.7816869934630923,sep,mon,91.5,130.1,807.1,7.5,12.2,66,4.9,0.0,6.1
1.680904546675744,1.7154231232126527,sep,mon,91.5,130.1,807.1,7.5,16.8,43,3.1,0.0,5.83
0.9914215576637996,3.7360485028477397,sep,mon,91.5,130.1,807.1,7.5,21.3,35,2.2,0.0,28.19
5.2853335624598365,4.967619795173011,sep,fri,92.1,99.0,745.3,9.6,10.1,75,3.6,0.0,0.0
2.082902250660686,5.12439177646698,sep,fri,92.1,99.0,745.3,9.6,17.4,57,4.5,0.0,0.0
5.476861797508055,3.596695719939177,sep,fri,92.1,99.0,745.3,9.6,12.8,64,3.6,0.0,1.64
5.094231370581249,3.849286601400022,sep,fri,92.1,99.0,745.3,9.6,10.1,75,3.6,0.0,3.71
3.048915516791338,4.1632611701672975,sep,fri,92.1,99.0,745.3,9.6,15.4,53,6.3,0.0,7.31
7.775040756763724,4.6133326236813,sep,fri,92.1,99.0,745.3,9.6,20.6,43,3.6,0.0,2.03
5.907221115262036,3.611653972690208,sep,fri,92.1,99.0,745.3,9.6,19.8,47,2.7,0.0,1.72
6.875915770687915,3.9320422686734036,sep,fri,92.1,99.0,745.3,9.6,18.7,50,2.2,0.0,5.97
3.7680877392190646,2.96010469399259,sep,fri,92.1,99.0,745.3,9.6,20.8,35,4.9,0.0,13.06
4.127270783024537,3.5334433256849525,sep,fri,92.1,99.0,745.3,9.6,20.8,35,4.9,0.0,1.26
6.135722391290699,3.5478963426422045,sep,fri,92.5,122.0,789.7,10.2,15.9,55,3.6,0.0,0.0
5.4449871481614,2.819583416472371,sep,fri,92.5,122.0,789.7,10.2,19.7,39,2.7,0.0,0.0
1.292109621243076,3.1736736678595037,sep,fri,92.5,122.0,789.7,10.2,21.1,39,2.2,0.0,8.12
6.002539597899309,5.78361782271625,sep,fri,92.5,122.0,789.7,10.2,18.4,42,2.2,0.0,1.09
4.756531335030054,2.7780186561294364,sep,fri,92.5,122.0,789.7,10.2,17.3,45,4.0,0.0,3.94
6.764266961149369,3.5363683961645185,sep,fri,88.2,55.2,732.3,11.6,15.2,64,3.1,0.0,0.52
3.9044531697037503,2.4225915751592373,sep,tue,91.9,111.7,770.3,6.5,15.9,53,2.2,0.0,2.93
5.740698326252727,5.4182331967249935,sep,tue,91.9,111.7,770.3,6.5,21.1,35,2.7,0.0,5.65
7.024890015959616,5.4047118247422015,sep,tue,91.9,111.7,770.3,6.5,19.6,45,3.1,0.0,20.03
4.067724679480066,5.413863147841973,sep,tue,91.1,132.3,812.1,12.5,15.9,38,5.4,0.0,1.75
4.559544856661372,4.410323756530192,sep,tue,91.1,132.3,812.1,12.5,16.4,27,3.6,0.0,0.0
5.83025623130019,4.7719853826253535,sep,sat,91.2,94.3,744.4,8.4,16.8,47,4.9,0.0,12.64
5.008486100196403,4.182402694973124,sep,sun,91.0,276.3,825.1,7.1,13.8,77,7.6,0.0,0.0
7.137705734987353,3.4084862483940483,sep,sun,91.0,276.3,825.1,7.1,13.8,77,7.6,0.0,11.06
2.48842147933045,3.779731452451525,jul,wed,91.9,133.6,520.5,8.0,14.2,58,4.0,0.0,0.0
4.974385471218747,5.145536429320835,aug,sun,92.0,203.2,664.5,8.1,10.4,75,0.9,0.0,0.0
4.701467360372851,3.8359902856289008,aug,thu,94.8,222.4,698.6,13.9,20.3,42,2.7,0.0,0.0
6.283460828109524,5.635414234021949,sep,fri,90.3,290.0,855.3,7.4,10.3,78,4.0,0.0,18.3
6.063342519909483,4.47112989890891,sep,sat,91.2,94.3,744.4,8.4,15.4,57,4.9,0.0,39.35
7.997784965233288,5.135639127882265,aug,mon,92.1,207.0,672.6,8.2,21.1,54,2.2,0.0,0.0
2.241655962818052,1.3853042167523868,aug,sat,93.7,231.1,715.1,8.4,21.9,42,2.2,0.0,174.63
7.274526661381776,5.158186494241873,mar,thu,90.9,18.9,30.6,8.0,8.7,51,5.8,0.0,0.0
3.6269537375606102,5.11857403501262,jan,sun,18.7,1.1,171.4,0.0,5.2,100,0.9,0.0,0.0
4.735766652445441,4.043692157254685,jul,wed,93.7,101.3,458.8,11.9,19.3,39,7.2,0.0,7.73
8.180905342985785,6.731125382886116,aug,thu,90.7,194.1,643.0,6.8,16.2,63,2.7,0.0,16.33
7.748898639134419,6.204318592657267,aug,wed,95.2,217.7,690.0,18.0,28.2,29,1.8,0.0,5.86
8.479961565828813,6.181201045364793,aug,thu,91.6,248.4,753.8,6.3,20.5,58,2.7,0.0,42.87
8.32036275129167,4.009489802667081,aug,sat,91.6,273.8,819.1,7.7,21.3,44,4.5,0.0,12.18
0.7930369766861785,3.4594925269691377,aug,sun,91.6,181.3,613.0,7.6,20.9,50,2.2,0.0,16.0
2.2656529914253434,4.894454371221865,sep,sun,90.5,96.7,750.5,11.4,20.6,55,5.4,0.0,24.59
4.541388247766894,5.233852354492638,mar,thu,90.9,18.9,30.6,8.0,11.6,48,5.4,0.0,0.0
5.772517625123991,3.5484032769513982,aug,fri,94.8,227.0,706.7,12.0,23.3,34,3.1,0.0,28.74
7.274827974418787,3.801621942406121,aug,fri,94.8,227.0,706.7,12.0,23.3,34,3.1,0.0,0.0
7.134432120531534,4.6994879350614704,feb,mon,84.7,9.5,58.3,4.1,7.5,71,6.3,0.0,9.96
8.468815369164325,5.855454455484437,sep,fri,91.1,91.3,738.1,7.2,20.7,46,2.7,0.0,30.18
0.6976430356513983,3.2663824754788315,sep,sun,91.0,276.3,825.1,7.1,21.9,43,4.0,0.0,70.76
1.4264123726078255,3.7520822964274805,mar,tue,93.4,15.0,25.6,11.4,15.2,19,7.6,0.0,0.0
6.672159795395141,5.384867136435049,feb,mon,84.1,4.6,46.7,2.2,5.3,68,1.8,0.0,0.0
3.8100139209892676,4.6654105605059675,feb,sun,85.0,9.0,56.9,3.5,10.1,62,1.8,0.0,51.78
4.65407503462256,2.486456542818777,sep,sun,90.5,96.7,750.5,11.4,20.4,55,4.9,0.0,3.64
4.8396505726415,6.003106714004988,aug,sun,91.6,181.3,613.0,7.6,24.3,33,3.6,0.0,3.63
1.6456200191254933,2.340362321239727,aug,sat,93.7,231.1,715.1,8.4,25.9,32,3.1,0.0,0.0
8.31066032531938,3.9980045216209747,jun,wed,93.3,49.5,297.7,14.0,28.0,34,4.5,0.0,0.0
9.138665725650549,5.188267151586298,jun,wed,93.3,49.5,297.7,14.0,28.0,34,4.5,0.0,8.16
2.8873623707419602,3.8362371568658036,sep,thu,91.1,88.2,731.7,8.3,22.8,46,4.0,0.0,4.95
8.903053963573392,8.494179831065013,aug,fri,94.8,227.0,706.7,12.0,25.0,36,4.0,0.0,0.0
7.40963411672897,6.426864838728409,aug,thu,90.7,194.1,643.0,6.8,21.3,41,3.6,0.0,0.0
1.5822083332954935,3.9291093247343625,sep,wed,87.9,84.8,725.1,3.7,21.8,34,2.2,0.0,6.04
2.21562348212845,1.4560519334778483,aug,tue,94.6,212.1,680.9,9.5,27.9,27,2.2,0.0,0.0
6.127837242984198,5.7434246732497884,sep,sat,87.1,291.3,860.6,4.0,17.0,67,4.9,0.0,3.95
4.1687494440377515,4.596350790957303,feb,sat,84.7,8.2,55.0,2.9,14.2,46,4.0,0.0,0.0
3.206990463615134,3.514707718351393,sep,fri,90.3,290.0,855.3,7.4,19.9,44,3.1,0.0,7.8
0.8684511414155781,3.955350496490574,jul,tue,92.3,96.2,450.2,12.1,23.4,31,5.4,0.0,0.0
6.167655259283348,2.7971390827963516,feb,fri,84.1,7.3,52.8,2.7,14.7,42,2.7,0.0,0.0
7.298289167133926,4.034030876351919,feb,fri,84.6,3.2,43.6,3.3,8.2,53,9.4,0.0,4.62
8.128314707875765,3.446952443379522,jul,mon,92.3,92.1,442.1,9.8,22.8,27,4.5,0.0,1.63
7.3147287996162635,4.380651768120043,aug,sat,93.7,231.1,715.1,8.4,26.4,33,3.6,0.0,0.0
4.5447625450857245,4.450500554836634,aug,sun,93.6,235.1,723.1,10.1,24.1,50,4.0,0.0,0.0
7.373716738432378,7.059869606037085,aug,thu,94.8,222.4,698.6,13.9,27.5,27,4.9,0.0,746.28
6.123157825127765,3.799088925530127,jul,tue,92.7,164.1,575.8,8.9,26.3,39,3.1,0.0,7.02
5.913239475177264,4.91977447338596,mar,wed,93.4,17.3,28.3,9.9,13.8,24,5.8,0.0,0.0
1.9834484223181756,4.682681148713147,aug,sun,92.0,203.2,664.5,8.1,24.9,42,5.4,0.0,2.44
1.857773735311838,5.192720005024533,aug,sun,91.6,181.3,613.0,7.6,24.8,36,4.0,0.0,3.05
7.354845104574984,7.978406342391809,aug,wed,91.7,191.4,635.9,7.8,26.2,36,4.5,0.0,185.76
1.8783753296339363,4.393185867113591,aug,wed,95.2,217.7,690.0,18.0,30.8,19,4.5,0.0,0.0
7.5798420145545,5.517584317952551,jul,sun,88.9,263.1,795.9,5.2,29.3,27,3.6,0.0,6.3
0.7813067753749698,2.9670376178108184,sep,sat,91.2,94.3,744.4,8.4,22.3,48,4.0,0.0,0.72
8.031628589204267,5.889226500929513,aug,sat,93.7,231.1,715.1,8.4,26.9,31,3.6,0.0,4.96
0.9601953452947953,1.9978354569425263,aug,thu,91.6,248.4,753.8,6.3,20.4,56,2.2,0.0,0.0
6.638590844419357,5.764018382548935,aug,thu,91.6,248.4,753.8,6.3,20.4,56,2.2,0.0,0.0
1.5302242386471312,3.5839174558963376,aug,mon,92.1,207.0,672.6,8.2,27.9,33,2.2,0.0,2.35
1.1176794198284674,3.12769827067481,aug,thu,94.8,222.4,698.6,13.9,26.2,34,5.8,0.0,0.0
2.7176515859199397,3.7374678902581264,aug,sun,91.6,181.3,613.0,7.6,24.6,44,4.0,0.0,3.2
6.637481170031979,3.6218169821651403,sep,thu,89.7,287.2,849.3,6.8,19.4,45,3.6,0.0,0.0
0.5610614046924349,2.269412794063456,aug,sat,92.1,178.0,605.3,9.6,23.3,40,4.0,0.0,6.36
8.196156507369823,6.387094387009664,aug,thu,94.8,222.4,698.6,13.9,23.9,38,6.7,0.0,0.0
1.658229018101645,3.7900080702168184,aug,sun,93.6,235.1,723.1,10.1,20.9,66,4.9,0.0,15.34
0.5811205858525439,3.963293541399931,aug,fri,90.6,269.8,811.2,5.5,22.2,45,3.6,0.0,0.0
2.112346193624873,4.118818902606409,jul,sat,90.8,84.7,376.6,5.6,23.8,51,1.8,0.0,0.0
8.365646454122647,6.257352939136331,aug,mon,92.1,207.0,672.6,8.2,26.8,35,1.3,0.0,0.54
8.12420159940105,5.880494360142422,aug,sat,89.4,253.6,768.4,9.7,14.2,73,2.7,0.0,0.0
1.5165489838935495,5.1716777479975,aug,sat,93.7,231.1,715.1,8.4,23.6,53,4.0,0.0,6.43
0.47308528956223783,2.578129824355945,sep,fri,91.1,91.3,738.1,7.2,19.1,46,2.2,0.0,0.33
5.216205334946048,3.847970324130704,sep,fri,90.3,290.0,855.3,7.4,16.2,58,3.6,0.0,0.0
7.433350438336678,5.984611709576178,aug,mon,92.1,207.0,672.6,8.2,25.5,29,1.8,0.0,1.23
6.329955183047718,4.590382140052813,apr,mon,87.9,24.9,41.6,3.7,10.9,64,3.1,0.0,3.35
1.1732520048174258,1.9902581670301365,jul,fri,90.7,80.9,368.3,16.8,14.8,78,8.0,0.0,0.0
2.297871469179037,5.384606669388487,sep,fri,90.3,290.0,855.3,7.4,16.2,58,3.6,0.0,9.96
5.3158964985061905,4.456947087949803,aug,sun,94.0,47.9,100.7,10.7,17.3,80,4.5,0.0,0.0
6.520368367427322,4.54414124036315,aug,sun,92.0,203.2,664.5,8.1,19.1,70,2.2,0.0,0.0
3.295722611987425,4.200688172323764,mar,wed,93.4,17.3,28.3,9.9,8.9,35,8.0,0.0,0.0
7.1721351593316145,4.283006363043596,sep,wed,89.7,284.9,844.0,10.1,10.5,77,4.0,0.0,0.0
6.930747276631233,4.314806088531765,aug,sun,91.6,181.3,613.0,7.6,19.3,61,4.9,0.0,0.0
4.651359387953104,5.745433757143411,aug,wed,95.2,217.7,690.0,18.0,23.4,49,5.4,0.0,6.43
0.3485720118723755,4.832814598581239,aug,fri,90.5,196.8,649.9,16.3,11.8,88,4.9,0.0,9.71
7.837876602249924,3.879825609818846,aug,mon,91.5,238.2,730.6,7.5,17.7,65,4.0,0.0,0.0
4.086884745276098,4.622693511550756,aug,thu,89.4,266.2,803.3,5.6,17.4,54,3.1,0.0,0.0
2.829535434785117,3.700128170109283,aug,thu,91.6,248.4,753.8,6.3,16.8,56,3.1,0.0,0.0
3.1269236819473147,3.604514458682863,jul,mon,94.6,160.0,567.2,16.7,17.9,48,2.7,0.0,0.0
1.9342844493041271,3.722536358511846,aug,thu,91.6,248.4,753.8,6.3,16.6,59,2.7,0.0,0.0
0.4541318171921631,4.230406354250898,aug,wed,91.7,191.4,635.9,7.8,19.9,50,4.0,0.0,82.75
7.770857584482498,5.724081443668089,aug,sat,93.7,231.1,715.1,8.4,18.9,64,4.9,0.0,3.32
7.023781146080693,3.424947748967868,aug,sat,91.6,273.8,819.1,7.7,15.5,72,8.0,0.0,1.94
1.5112693909892891,4.91056512257791,aug,sat,93.7,231.1,715.1,8.4,18.9,64,4.9,0.0,0.0
8.101879752913552,7.20062768252479,aug,sat,93.7,231.1,715.1,8.4,18.9,64,4.9,0.0,0.0
0.8612996942834737,4.230973199658684,sep,sun,91.0,276.3,825.1,7.1,14.5,76,7.6,0.0,3.71
6.591471796600325,4.7635304899639275,feb,tue,75.1,4.4,16.2,1.9,4.6,82,6.3,0.0,5.39
6.201948821162349,4.036868788212343,feb,tue,75.1,4.4,16.2,1.9,5.1,77,5.4,0.0,2.14
1.439801940533608,1.3509908231440189,feb,sat,79.5,3.6,15.3,1.8,4.6,59,0.9,0.0,6.84
6.207461015355367,5.687945643442013,mar,mon,87.2,15.1,36.9,7.1,10.2,45,5.8,0.0,3.18
2.934931231036802,4.6525129518466555,mar,wed,90.2,18.5,41.1,7.3,11.2,41,5.4,0.0,5.55
5.896612067284374,5.149183929140597,mar,thu,91.3,20.6,43.5,8.5,13.3,27,3.6,0.0,6.61
6.060035455073624,4.273374190154478,apr,sun,91.0,14.6,25.6,12.3,13.7,33,9.4,0.0,61.13
4.660543400436586,4.18378042570391,apr,sun,91.0,14.6,25.6,12.3,17.6,27,5.8,0.0,0.0
3.7193987899796825,3.653465510286999,may,fri,89.6,25.4,73.7,5.7,18.0,40,4.0,0.0,38.48
7.915332165672691,3.802567824993064,jun,mon,88.2,96.2,229.0,4.7,14.3,79,4.0,0.0,1.94
8.531035299833363,4.024310601022873,jun,sat,90.5,61.1,252.6,9.4,24.5,50,3.1,0.0,70.32
4.364539389741997,2.6318520884828827,jun,thu,93.0,103.8,316.7,10.8,26.4,35,2.7,0.0,10.08
2.03973555280878,4.752921247515662,jun,thu,93.7,121.7,350.2,18.0,22.7,40,9.4,0.0,3.19
4.192927152417429,3.9020424776403795,jul,thu,93.5,85.3,395.0,9.9,27.2,28,1.3,0.0,1.76
3.386633086282195,3.828326767635052,jul,sun,93.7,101.3,423.4,14.7,26.1,45,4.0,0.0,7.36
7.209052344976395,3.7976464830127505,jul,sun,93.7,101.3,423.4,14.7,18.2,82,4.5,0.0,2.21
6.956271992015712,3.7911651097456973,jul,mon,89.2,103.9,431.6,6.4,22.6,57,4.9,0.0,278.53
8.28576603560973,9.549544064715084,jul,thu,93.2,114.4,560.0,9.5,30.2,25,4.5,0.0,2.75
4.276612790617511,3.466125845202603,jul,thu,93.2,114.4,560.0,9.5,30.2,22,4.9,0.0,0.0
2.9500895353516063,3.777701246779437,aug,sun,94.9,130.3,587.1,14.1,23.4,40,5.8,0.0,1.29
8.511407110357073,6.520737018858881,aug,sun,94.9,130.3,587.1,14.1,31.0,27,5.4,0.0,0.0
2.254429479749872,4.911730218042227,aug,sun,94.9,130.3,587.1,14.1,33.1,25,4.0,0.0,26.43
1.0390819549009993,4.2668237139644924,aug,mon,95.0,135.5,596.3,21.3,30.6,28,3.6,0.0,2.07
5.689485254485416,3.325504908681837,aug,tue,95.1,141.3,605.8,17.7,24.1,43,6.3,0.0,2.0
4.771248387497712,2.923544292571861,aug,tue,95.1,141.3,605.8,17.7,26.4,34,3.6,0.0,16.4
3.6255309378825675,4.115352513027095,aug,tue,95.1,141.3,605.8,17.7,19.4,71,7.6,0.0,46.7
2.623532574444165,3.494283963968532,aug,wed,95.1,141.3,605.8,17.7,20.6,58,1.3,0.0,0.0
3.034643432983584,5.195971395835906,aug,wed,95.1,141.3,605.8,17.7,28.7,33,4.0,0.0,0.0
3.593190800267134,4.389062616725374,aug,thu,95.8,152.0,624.1,13.8,32.4,21,4.5,0.0,0.0
0.6906788156513152,2.982775985410975,aug,fri,95.9,158.0,633.6,11.3,32.4,27,2.2,0.0,0.0
2.2947454541226247,2.889172222010299,aug,fri,95.9,158.0,633.6,11.3,27.5,29,4.5,0.0,43.32
6.081449867621548,6.736086617267541,aug,sat,96.0,164.0,643.0,14.0,30.8,30,4.9,0.0,8.59
5.856067528654135,5.014540162332099,aug,mon,96.2,175.5,661.8,16.8,23.9,42,2.2,0.0,0.0
4.06095053881956,4.856795005316578,aug,mon,96.2,175.5,661.8,16.8,32.6,26,3.1,0.0,2.77
3.0322641610323284,4.357130012356467,aug,tue,96.1,181.1,671.2,14.3,32.3,27,2.2,0.0,14.68
6.099378808255343,4.894329437269986,aug,tue,96.1,181.1,671.2,14.3,33.3,26,2.7,0.0,40.54
6.123011934759772,5.381476345496277,aug,tue,96.1,181.1,671.2,14.3,27.3,63,4.9,6.4,10.82
7.873676363267552,6.395217064819646,aug,tue,96.1,181.1,671.2,14.3,21.6,65,4.9,0.8,0.0
7.268805254273756,4.818811912649531,aug,tue,96.1,181.1,671.2,14.3,21.6,65,4.9,0.8,0.0
3.8691659103549925,4.102167014776352,aug,tue,96.1,181.1,671.2,14.3,20.7,69,4.9,0.4,0.0
2.400678389334806,4.31903808984938,aug,wed,94.5,139.4,689.1,20.0,29.2,30,4.9,0.0,1.95
3.78238778089916,2.0549246449838874,aug,wed,94.5,139.4,689.1,20.0,28.9,29,4.9,0.0,49.59
2.0058721506064208,1.920774913126833,aug,thu,91.0,163.2,744.4,10.1,26.7,35,1.8,0.0,5.8
0.5518962946976566,0.8520376562742598,aug,fri,91.0,166.9,752.6,7.1,18.5,73,8.5,0.0,0.0
2.2908898948707663,4.256784201590446,aug,fri,91.0,166.9,752.6,7.1,25.9,41,3.6,0.0,0.0
1.4070672854423174,2.4402323360152445,aug,fri,91.0,166.9,752.6,7.1,25.9,41,3.6,0.0,0.0
4.522999852851492,4.532242515973461,aug,fri,91.0,166.9,752.6,7.1,21.1,71,7.6,1.4,2.17
6.645195769938284,4.557560291214572,aug,fri,91.0,166.9,752.6,7.1,18.2,62,5.4,0.0,0.43
7.377940723905586,6.1780999971678705,aug,sun,81.6,56.7,665.6,1.9,27.8,35,2.7,0.0,0.0
3.420320946221559,3.085631816021782,aug,sun,81.6,56.7,665.6,1.9,27.8,32,2.7,0.0,6.44
1.6509997759845736,4.152491001939991,aug,sun,81.6,56.7,665.6,1.9,21.9,71,5.8,0.0,54.29
7.309072578962461,3.3804495811137527,aug,sun,81.6,56.7,665.6,1.9,21.2,70,6.7,0.0,11.16
0.6562198536458113,4.338166031665702,aug,sat,94.4,146.0,614.7,11.3,25.6,42,4.0,0.0,0.0
5.968273554051369,3.340511853711857,nov,tue,79.5,3.0,106.7,1.1,11.8,31,4.5,0.0,0.0
